ts	phase	decision	why	evidence	result
2026-09-04T17:33:35Z	discovery	Conduct full-site visual and architectural audit	User requested frontend design & taste skill evaluation focusing only on jayshah.dev	artifacts/jayshah-dev-design-audit-and-redesign.html	Identified inconsistent timeline nodes, card padding variance, spec clutter, and hover flakiness
2026-09-04T18:15:00Z	design	Introduce unified StepwellTimeline component with dual-rail spine and sacred Kolam diamond bindu nodes	Harmonize milestone presentations across About, Archives, and timeline surfaces	src/components/StepwellTimeline.astro	Timeline architecture unified; continuous dual-rail spine and 45deg diamond bindu deployed
2026-09-04T18:45:00Z	simplification	Remove telemetry spec strips (DuckDB, LangGraph) from ProjectCard	User directive: keep original clean tags, eliminate noisy subtitle clutter	src/components/ProjectCard.astro	Removed metric badges; restored clean typography and micro-pills
2026-09-04T19:20:00Z	interaction	Restore click-to-accordion commentary toggle on Reads page	Clicking card previously stopped expanding notes due to event capturing	src/components/ReadCard.astro	Accordion toggle restored via native inline handler with data-astro-rerun
2026-09-04T19:45:00Z	animation	Eliminate floaty hover translateY (-translate-y-0.5 / -translate-y-1) across cards	Prevent card jitter and comply with anti-slop frontend taste guidelines	src/styles/global.css	Cards stay statically grounded with crisp border-color shifts
2026-09-04T20:05:00Z	diagnosis	Diagnose hover lag on cards (Links, Projects, Archives) vs About page	User observed Card 2 glitching/showing half-rendered when sweeping 1 to 3	preview_evaluate	Discovered transition-delay leakage from .reveal:not-resetting delay on .is-visible
2026-09-04T20:12:00Z	animation-fix	Enforce 0s transition-delay on all hover/focus states and remove inline --index delays	Emil Kowalski rule: high-frequency list navigation must have 0s delay and zero lag	src/styles/global.css	transition-delay set to 0s !important for all interactive states; delays eliminated
2026-09-04T20:18:00Z	smoothing	Remove scale-125 transition-all on compact archive post nodes	Hovering down 46 archive rows caused diamond nodes to expand/contract jittery	src/pages/archives.astro	Replaced with instant ring-2 and border-gold color shift in 150ms
2026-09-04T20:25:00Z	verification	Run Playwright browser evaluations and headless Chrome full-page screenshots	Prove visual and behavioral consistency across all 5 key surfaces	public/assets/images/audit/	All 5 routes verified: 0s hover delay, 1.27s clean static build across 99 pages
